timestamp,ping_ms,datarate,jitter,Latitude,Longitude,Altitude,speed_kmh,COG,precipIntensity,precipProbability,temperature,humidity,windSpeed,Traffic Jam Factor,Traffic Distance,Pos in Ref Round,measurement,area,PCell_RSRP_max,PCell_RSRQ_max,PCell_RSSI_max,PCell_SNR_1,PCell_SNR_2,PCell_Downlink_Num_RBs,PCell_Downlink_TB_Size,PCell_Downlink_Average_MCS,PCell_Uplink_Num_RBs,PCell_Uplink_TB_Size,PCell_Uplink_Tx_Power_(dBm),PCell_Downlink_frequency,PCell_Downlink_bandwidth_MHz,PCell_Uplink_bandwidth_MHz,PCell_Band_Indicator,PCell_freq_MHz,scenario,target_datarate,operator,PCell_DL_RBs_MCS_Low,PCell_DL_RBs_MCS_Mid,PCell_DL_RBs_MCS_High,device_pc1,device_pc2,device_pc3,device_pc4,direction_uplink,measured_qos_delay,hour,day_of_week,date,sin_COG,cos_COG,jitter_log,source
2021-06-22 15:24:16+02:00,3.3638415951183864,12.90669432231532,0.00185,52.49478333333333,13.28451,39.47685623168945,2.1931719320068583,282.2,0.0,0.0,21.58,0.61,2.39,8.95054,3.8568884770180727,9.141725540161133,2,Tunnel,-102.115,-8.34,-75.795625,14.74400001525879,13.98700002670288,6.748759547491679,10.927537919877333,24.0,5.863631175598097,9.872667455196241,2.7116365767334374,1801.0,20.0,20.0,3.0,1800.0,A2D,12.899222326086994,1,1.6094379124341003,1.6094379124341003,6.739336627357174,0,0,1,0,0,1,15,1,2021-06-22,-0.9774158942860959,0.21132479645538854,0.0018482908576176174,REAL_BEFORE
2021-06-22 15:24:17+02:00,3.520460802488973,12.884108726347916,0.0022229999999999997,52.49478666666667,13.284478333333333,40.59856033325195,2.1931719320068583,282.2,0.0,0.0,21.58,0.61,2.39,8.27925,3.821519878339424,9.142356872558594,2,Tunnel,-103.018125,-7.7925,-77.705625,15.865000019073486,15.02500005722046,6.692083742506628,10.846050137149113,24.0,6.22455842927536,10.036224879974322,2.785678353670684,1801.0,20.0,20.0,3.0,1800.0,A2D,12.899222326086994,1,1.6094379124341003,0.0,6.687108607866515,0,0,1,0,0,1,15,1,2021-06-22,-0.9774158942860959,0.21132479645538854,0.0022205327912268543,REAL_BEFORE
2021-06-22 15:24:18+02:00,3.4242626545931514,12.90669432231532,0.000852,52.494791666666664,13.284446666666666,41.1170654296875,2.1931719320068583,282.2,0.0,0.0,21.58,0.61,2.39,8.27925,3.852697143534609,9.155333518981934,2,Tunnel,-102.3,-7.285,-77.235625,16.363999996185303,15.998000059127808,6.8885724595653635,11.102683968056724,24.0,6.522092798170152,10.089136899422757,2.8719940408589335,1801.0,20.0,20.0,3.0,1800.0,A2D,12.899222326086994,1,1.6094379124341003,0.0,6.884486652042782,0,0,1,0,0,1,15,1,2021-06-22,-0.9774158942860959,0.21132479645538854,0.0008516372540250916,REAL_BEFORE
2021-06-22 15:24:19+02:00,3.414442608412176,12.90669432231532,0.003997,52.494795,13.284415,40.46402359008789,2.1931719320068583,282.2,0.0,0.0,21.58,0.61,2.39,8.27925,3.885097220945593,9.148674964904785,2,Tunnel,-103.66125,-7.7825,-78.226875,14.95600001335144,14.469000024795532,6.851184927493743,11.078520612964356,26.0,5.905361848054571,9.800568498528287,2.7369459380075276,1801.0,20.0,20.0,3.0,1800.0,A2D,12.899222326086994,1,1.6094379124341003,0.0,6.846943139585379,0,0,1,0,0,1,15,1,2021-06-22,-0.9774158942860959,0.21132479645538854,0.003989033217264464,REAL_BEFORE
2021-06-22 15:24:20+02:00,3.3568971227655755,12.884108726347916,0.003085,52.4948,13.284383333333333,40.013038635253906,2.1931719320068583,282.2,0.0,0.0,21.58,0.61,2.39,8.27925,3.9143818147061933,9.133166313171387,2,Tunnel,-104.180625,-8.24375,-77.76375,13.36099998474121,13.483999996185302,6.911747300251674,10.999914120923716,22.0,6.309918278226516,10.028621283292894,2.815000361695671,1801.0,20.0,20.0,3.0,1800.0,A2D,12.899222326086994,1,4.6443908991413725,0.0,6.803505257608338,0,0,1,0,0,1,15,1,2021-06-22,-0.9774158942860959,0.21132479645538854,0.0030802511517910585,REAL_BEFORE
2021-06-22 15:24:21+02:00,3.4277827739715576,12.774176597595215,0.0011838109930977225,52.49943923950195,13.292778968811035,40.290016174316406,2.173759698867798,282.4232482910156,0.0021683804225176573,0.002267742995172739,21.46586036682129,0.6202813386917114,2.344513416290283,7.4901604652404785,3.76064133644104,8.979201316833496,2,,-100.14859008789062,-8.651406288146973,-76.32329559326172,14.748811721801758,9.764808654785156,6.572081565856934,10.871936798095703,23.0,6.654367923736572,10.09962272644043,2.674389123916626,1801.0,20.0,20.0,3.0,1800.0,,12.708555221557617,1,2.7003893852233887,0.8220289349555969,6.643090724945068,0,0,1,0,0,1,15,2,,-0.9591054320335388,0.21128106117248535,0.0011831108713522553,GENERATED
2021-06-22 15:24:22+02:00,3.414557933807373,12.764654159545898,0.002048077527433634,52.499820709228516,13.292448043823242,38.66767883300781,1.822615623474121,291.55523681640625,0.0038955588825047016,0.003707323456183076,21.354820251464844,0.621394693851471,2.341923713684082,6.618005275726318,3.6560163497924805,8.977331161499023,2,,-100.03495788574219,-8.676712989807129,-76.39179229736328,14.721921920776367,9.519960403442383,6.537095069885254,10.848730087280273,23.0,6.61575984954834,10.069890022277832,2.6266493797302246,1801.0,20.0,20.0,3.0,1800.0,,12.696815490722656,1,2.6810128688812256,0.6744566559791565,6.671227931976318,0,0,1,0,0,1,15,2,,-0.8831716179847717,0.3488743305206299,0.0020459832157939672,GENERATED
2021-06-22 15:24:23+02:00,3.4051461219787598,12.757676124572754,0.0020480849780142307,52.500797271728516,13.291303634643555,37.90379333496094,0.8261546492576599,304.55096435546875,0.005178750026971102,0.004428624641150236,21.24243927001953,0.6227907538414001,2.3494951725006104,5.911559104919434,3.553563356399536,8.979280471801758,2,,-99.80575561523438,-8.846390724182129,-75.9981460571289,14.886032104492188,9.683606147766113,6.497463703155518,10.835563659667969,23.0,6.629897594451904,10.09522819519043,2.6153931617736816,1801.0,20.0,20.0,3.0,1800.0,,12.678566932678223,1,2.7005343437194824,0.5827582478523254,6.659266948699951,0,0,1,0,0,1,15,2,,-0.7438549995422363,0.5122121572494507,0.002045990666374564,GENERATED
2021-06-22 15:24:24+02:00,3.405097484588623,12.756705284118652,0.002456668997183442,52.5020637512207,13.28969669342041,37.734153747558594,0.33754631876945496,316.0108642578125,0.007026082836091518,0.005402170121669769,21.131860733032227,0.6240359544754028,2.3643550872802734,5.340546131134033,3.448580741882324,8.978400230407715,2,,-99.61597442626953,-9.0026273727417,-75.64777374267578,15.031564712524414,9.876372337341309,6.4711103439331055,10.839566230773926,23.0,6.631065845489502,10.114179611206055,2.604905843734741,1801.0,20.0,20.0,3.0,1800.0,,12.672612190246582,1,2.672015428543091,0.3829239010810852,6.69644832611084,0,0,1,0,0,1,15,2,,-0.6103971004486084,0.63232421875,0.0024536566343158484,GENERATED
2021-06-22 15:24:25+02:00,3.4046177864074707,12.759454727172852,0.002728024497628212,52.50278091430664,13.288156509399414,37.36265563964844,0.38942667841911316,321.91009521484375,0.008793522603809834,0.0064106350764632225,21.02312660217285,0.6253256797790527,2.3826992511749268,4.8493332862854,3.316532850265503,8.979097366333008,2,,-99.38348388671875,-8.99154281616211,-75.4789047241211,15.143433570861816,9.95051097869873,6.442359447479248,10.829658508300781,24.0,6.638911247253418,10.141942977905273,2.5889203548431396,1801.0,20.0,20.0,3.0,1800.0,,12.676804542541504,1,2.615978956222534,0.3152955174446106,6.713439464569092,0,0,1,0,0,1,15,2,,-0.5235893130302429,0.6680004596710205,0.002724310150370002,GENERATED
2021-06-22 15:24:26+02:00,3.403489351272583,12.759536743164062,0.0031025900971144438,52.5028076171875,13.28701400756836,36.69849395751953,0.8827093243598938,322.04351806640625,0.010240083560347557,0.007341710384935141,20.89999008178711,0.6274353861808777,2.4177677631378174,4.410809516906738,3.1148738861083984,8.977822303771973,2,,-99.15638732910156,-9.138559341430664,-75.0855941772461,15.190515518188477,10.053234100341797,6.438477516174316,10.84908676147461,24.0,6.62854528427124,10.125710487365723,2.5556480884552,1801.0,20.0,20.0,3.0,1800.0,,12.675844192504883,1,2.6233553886413574,0.23353056609630585,6.765923500061035,0,0,1,0,0,1,15,2,,-0.523059606552124,0.6705348491668701,0.0030977872665971518,GENERATED
2021-06-22 15:24:27+02:00,3.395026445388794,12.751700401306152,0.003257898148149252,52.502681732177734,13.285643577575684,35.80598449707031,1.837539553642273,320.338623046875,0.011448295786976814,0.008206122554838657,20.772418975830078,0.6298417448997498,2.463120222091675,4.009624481201172,2.7549524307250977,8.976006507873535,2,,-98.99163818359375,-9.284239768981934,-74.74996948242188,15.26655387878418,10.169751167297363,6.422396183013916,10.851737976074219,24.0,6.5998430252075195,10.124751091003418,2.5411603450775146,1801.0,20.0,20.0,3.0,1800.0,,12.665034294128418,1,2.640563726425171,0.16074995696544647,6.782667636871338,0,0,1,0,0,1,15,2,,-0.548506498336792,0.6615860462188721,0.003252602880820632,GENERATED
2021-06-22 15:24:28+02:00,3.387894868850708,12.749483108520508,0.0033349483273923397,52.50238037109375,13.28475284576416,35.32601547241211,2.4183189868927,316.46759033203125,0.013627445325255394,0.009674662724137306,20.626245498657227,0.6333377361297607,2.5218372344970703,3.616347074508667,2.157274007797241,8.973930358886719,2,,-98.75320434570312,-9.374974250793457,-74.30319213867188,15.411870956420898,10.483707427978516,6.402774333953857,10.848798751831055,24.0,6.575959205627441,10.133834838867188,2.522142171859741,1801.0,20.0,20.0,3.0,1800.0,,12.659638404846191,1,2.666863441467285,0.1360798329114914,6.7819504737854,0,0,1,0,0,1,15,2,,-0.6192266941070557,0.6517901420593262,0.0033293997403234243,GENERATED
2021-06-22 15:24:29+02:00,3.368668794631958,12.749493598937988,0.004067013040184975,52.502037048339844,13.284005165100098,34.258602142333984,2.471266269683838,313.2618713378906,0.014596459455788136,0.010334862396121025,20.526531219482422,0.6363039016723633,2.5540387630462646,3.327648878097534,1.6669268608093262,8.998387336730957,2,,-98.37483978271484,-9.371299743652344,-73.80640411376953,15.653956413269043,10.91959285736084,6.357519149780273,10.821163177490234,24.0,6.560184001922607,10.147784233093262,2.465548038482666,1801.0,20.0,20.0,3.0,1800.0,,12.65628719329834,1,2.6946613788604736,0.16144661605358124,6.767704010009766,0,0,1,0,0,1,15,2,,-0.6727922558784485,0.6331627368927002,0.004058764781802893,GENERATED
2021-06-22 15:24:30+02:00,3.3539462089538574,12.750417709350586,0.005106294993311167,52.501708984375,13.283470153808594,33.63084411621094,1.7735172510147095,310.7065124511719,0.015892479568719864,0.011105895042419434,20.453153610229492,0.6384845972061157,2.5723471641540527,3.1504995822906494,1.4571568965911865,9.011679649353027,2,,-97.78076934814453,-9.480424880981445,-72.89118194580078,15.86141586303711,11.444798469543457,6.317286968231201,10.813655853271484,24.0,6.479946613311768,10.130669593811035,2.412404775619507,1801.0,20.0,20.0,3.0,1800.0,,12.656594276428223,1,2.681720495223999,0.20182327926158905,6.773563861846924,0,0,1,0,0,1,15,2,,-0.6721911430358887,0.5783083438873291,0.005093302112072706,GENERATED
2021-06-22 15:24:31+02:00,3.363494634628296,12.761772155761719,0.006190946325659752,52.50148391723633,13.28317928314209,32.92978286743164,0.3265050947666168,316.7228698730469,0.01781628653407097,0.012240205891430378,20.33927345275879,0.6409120559692383,2.605025053024292,2.941373348236084,1.3730425834655762,9.005664825439453,2,,-97.1722640991211,-9.509198188781738,-71.95674896240234,15.93233871459961,11.963875770568848,6.292256832122803,10.815661430358887,24.0,6.42309045791626,10.11640453338623,2.3635644912719727,1801.0,20.0,20.0,3.0,1800.0,,12.671801567077637,1,2.6514856815338135,0.22457508742809296,6.783822059631348,0,0,1,0,0,1,15,2,,-0.5597092509269714,0.5944240093231201,0.006171861197799444,GENERATED
2021-06-22 15:24:32+02:00,3.3446295261383057,12.761299133300781,0.006951461546123028,52.501522064208984,13.283034324645996,32.65953063964844,0.16351273655891418,323.3708190917969,0.019236935302615166,0.013209543190896511,20.229759216308594,0.6442121863365173,2.6619348526000977,2.713752031326294,1.3595116138458252,9.022604942321777,2,,-96.7428970336914,-9.516410827636719,-71.57331085205078,16.269668579101562,12.280774116516113,6.271333694458008,10.815045356750488,24.0,6.38701057434082,10.11256217956543,2.2910194396972656,1801.0,20.0,20.0,3.0,1800.0,,12.662769317626953,1,2.661137342453003,0.2220941036939621,6.787996768951416,0,0,1,0,0,1,15,2,,-0.45910966396331787,0.6175341606140137,0.006927411537617445,GENERATED
2021-06-22 15:24:33+02:00,3.3465077877044678,12.76657772064209,0.0070178331807255745,52.50190353393555,13.283138275146484,32.84740447998047,0.0810503214597702,337.24981689453125,0.02025534026324749,0.014048688113689423,20.124736785888672,0.6481709480285645,2.73703932762146,2.510572910308838,1.3989287614822388,9.019295692443848,2,,-96.38585662841797,-9.666038513183594,-71.01766967773438,16.380290985107422,12.49014949798584,6.274393558502197,10.839402198791504,24.0,6.308226585388184,10.063312530517578,2.275527238845825,1801.0,20.0,20.0,3.0,1800.0,,12.665600776672363,1,2.648580312728882,0.22196607291698456,6.807182312011719,0,0,1,0,0,1,15,2,,-0.3093142509460449,0.7376246452331543,0.006993323098868132,GENERATED
2021-06-22 15:24:34+02:00,3.3493950366973877,12.768881797790527,0.0071561746299266815,52.50254821777344,13.283404350280762,32.39471435546875,0.18362706899642944,346.97833251953125,0.02105524204671383,0.014848299324512482,20.02194595336914,0.6526385545730591,2.8247601985931396,2.33182692527771,1.466986894607544,9.016109466552734,2,,-96.3046646118164,-9.708183288574219,-70.89704895019531,16.333724975585938,12.460683822631836,6.268939018249512,10.834569931030273,24.0,6.275542736053467,10.040358543395996,2.2660624980926514,1801.0,20.0,20.0,3.0,1800.0,,12.67034912109375,1,2.6501808166503906,0.1905544251203537,6.809164047241211,0,0,1,0,0,1,15,2,,-0.18698686361312866,0.8085331916809082,0.0071306913159787655,GENERATED
2021-06-22 15:24:35+02:00,3.349712371826172,12.773406028747559,0.00724008958786726,52.50319290161133,13.283367156982422,32.20424270629883,0.3033079504966736,347.08050537109375,0.02180708572268486,0.015650995075702667,19.92222023010254,0.6570684313774109,2.915186882019043,2.1596028804779053,1.5501081943511963,9.023661613464355,2,,-96.08724212646484,-9.692091941833496,-70.71651458740234,16.47708511352539,12.61211109161377,6.260941982269287,10.834044456481934,24.0,6.258832931518555,10.035909652709961,2.245659112930298,1801.0,20.0,20.0,3.0,1800.0,,12.672683715820312,1,2.652653932571411,0.19082479178905487,6.807084560394287,0,0,1,0,0,1,15,2,,-0.18496251106262207,0.8063271045684814,0.007214005570858717,GENERATED
2021-06-22 15:24:36+02:00,3.3427774906158447,12.7730131149292,0.007278134115040302,52.5037841796875,13.282978057861328,32.26960372924805,0.3776746392250061,337.3316650390625,0.022618256509304047,0.0164966881275177,19.824655532836914,0.6614029407501221,3.0073153972625732,2.011230707168579,1.6464906930923462,9.029369354248047,2,,-96.0047378540039,-9.659038543701172,-70.72813415527344,16.65635108947754,12.722613334655762,6.251061916351318,10.830097198486328,24.0,6.2579803466796875,10.043794631958008,2.223357677459717,1801.0,20.0,20.0,3.0,1800.0,,12.666748046875,1,2.6526832580566406,0.2122354954481125,6.796933650970459,0,0,1,0,0,1,15,2,,-0.31837594509124756,0.7622852325439453,0.007251776289194822,GENERATED
2021-06-22 15:24:37+02:00,3.3457441329956055,12.779114723205566,0.007230935152620077,52.504432678222656,13.282343864440918,32.190338134765625,0.2931627929210663,327.08587646484375,0.02378549985587597,0.017573388293385506,19.70564079284668,0.6668372750282288,3.1120307445526123,1.8939658403396606,1.7580909729003906,9.030333518981934,2,,-95.85540771484375,-9.691238403320312,-70.53675842285156,16.785688400268555,12.887535095214844,6.242717266082764,10.831273078918457,24.0,6.239961624145508,10.040698051452637,2.2184243202209473,1801.0,20.0,20.0,3.0,1800.0,,12.672228813171387,1,2.649130344390869,0.212008997797966,6.792662620544434,0,0,1,0,0,1,15,2,,-0.4539155960083008,0.7012674808502197,0.007204917725175619,GENERATED
2021-06-22 15:24:38+02:00,3.3508377075195312,12.791309356689453,0.00715569918975234,52.50525665283203,13.281599998474121,32.107330322265625,0.21930977702140808,318.88348388671875,0.025001145899295807,0.018726646900177002,19.581375122070312,0.6725906729698181,3.222250461578369,1.8258533477783203,1.8786994218826294,9.038813591003418,2,,-95.59461975097656,-9.736013412475586,-70.22157287597656,16.93389320373535,13.075774192810059,6.251633644104004,10.847697257995605,24.0,6.203393936157227,10.021247863769531,2.2092761993408203,1801.0,20.0,20.0,3.0,1800.0,,12.68285083770752,1,2.6546943187713623,0.2300155609846115,6.786495685577393,0,0,1,0,0,1,15,2,,-0.5691691040992737,0.6520709991455078,0.007130218204110861,GENERATED
2021-06-22 15:24:39+02:00,3.358243227005005,12.800113677978516,0.006718053948134184,52.50615310668945,13.280802726745605,31.881906509399414,0.3147056996822357,314.67529296875,0.02620486542582512,0.01980213075876236,19.465351104736328,0.6778266429901123,3.3239963054656982,1.782908320426941,1.9847540855407715,9.045589447021484,2,,-95.62142181396484,-9.798715591430664,-70.2695541381836,16.87354850769043,12.93002700805664,6.235489368438721,10.818900108337402,24.0,6.208067893981934,10.027806282043457,2.199622392654419,1801.0,20.0,20.0,3.0,1800.0,,12.69766902923584,1,2.687675714492798,0.182484433054924,6.758370876312256,0,0,1,0,0,1,15,2,,-0.6461660861968994,0.6388835906982422,0.006695588584989309,GENERATED
2021-06-22 15:24:40+02:00,3.3600807189941406,12.806763648986816,0.007125357631593943,52.507171630859375,13.280298233032227,31.70004653930664,0.6829441785812378,315.96533203125,0.027518026530742645,0.020898813381791115,19.327207565307617,0.6834388375282288,3.4310967922210693,1.7464629411697388,2.0375399589538574,9.079940795898438,2,,-95.71205139160156,-9.877412796020508,-70.3235092163086,16.751609802246094,12.74265193939209,6.202219486236572,10.785110473632812,24.0,6.224339008331299,10.04728889465332,2.1955838203430176,1801.0,20.0,20.0,3.0,1800.0,,12.711054801940918,1,2.648667335510254,0.13196735084056854,6.756862640380859,0,0,1,0,0,1,15,2,,-0.6403441429138184,0.6622931957244873,0.007100091781467199,GENERATED
2021-06-22 15:24:41+02:00,3.3646790981292725,12.80793285369873,0.0072013139724731445,52.50716018676758,13.280293464660645,31.412832260131836,1.4212932586669922,321.6814880371094,0.027987463399767876,0.02117016725242138,19.2574462890625,0.6865936517715454,3.4897348880767822,1.700676679611206,2.053264856338501,9.099411964416504,2,,-95.6816177368164,-9.889142036437988,-70.3172836303711,16.809860229492188,12.750387191772461,6.223972320556641,10.806884765625,24.0,6.203608512878418,10.024494171142578,2.202286720275879,1801.0,20.0,20.0,3.0,1800.0,,12.710020065307617,1,2.655754804611206,0.09793190658092499,6.772510528564453,0,0,1,0,0,1,15,2,,-0.5638954639434814,0.7135410308837891,0.0071755084209144115,GENERATED
2021-06-22 15:24:42+02:00,3.3695321083068848,12.807690620422363,0.007176779676228762,52.50715255737305,13.280287742614746,31.13909912109375,2.138094902038574,333.2674255371094,0.028314577415585518,0.021305380389094353,19.202720642089844,0.6893842220306396,3.5422041416168213,1.6434807777404785,2.0526185035705566,9.117591857910156,2,,-95.71184539794922,-9.898697853088379,-70.35986328125,16.827007293701172,12.723224639892578,6.247156620025635,10.826892852783203,24.0,6.188656806945801,10.003232955932617,2.2215633392333984,1801.0,20.0,20.0,3.0,1800.0,,12.707876205444336,1,2.667543649673462,0.06232695281505585,6.785116195678711,0,0,1,0,0,1,15,2,,-0.3972488045692444,0.7887234687805176,0.007151148747652769,GENERATED
2021-06-22 15:24:43+02:00,3.374234199523926,12.804459571838379,0.007285044528543949,52.50714111328125,13.280281066894531,30.936058044433594,2.476931095123291,350.38482666015625,0.02835950441658497,0.021240346133708954,19.170024871826172,0.691744863986969,3.5870320796966553,1.5895845890045166,2.04868221282959,9.133145332336426,2,,-95.89635467529297,-9.926231384277344,-70.51425170898438,16.68764877319336,12.563077926635742,6.262039661407471,10.831472396850586,24.0,6.173876762390137,9.979331016540527,2.250354051589966,1801.0,20.0,20.0,3.0,1800.0,,12.706281661987305,1,2.6694259643554688,0.04442910850048065,6.7931928634643555,0,0,1,0,0,1,15,2,,-0.14871686697006226,0.8778543472290039,0.00725863641127944,GENERATED
2021-06-22 15:24:44+02:00,3.3792059421539307,12.801671981811523,0.0074451519176363945,52.50713348388672,13.280275344848633,30.46327018737793,2.456474781036377,8.014466285705566,0.0283594261854887,0.021154088899493217,19.143253326416016,0.6939404010772705,3.628209352493286,1.540761113166809,2.0479273796081543,9.144241333007812,2,,-96.0843505859375,-9.973097801208496,-70.61420440673828,16.46295928955078,12.376668930053711,6.268285274505615,10.824674606323242,24.0,6.157445907592773,9.956070899963379,2.277129888534546,1801.0,20.0,20.0,3.0,1800.0,,12.706877708435059,1,2.6625945568084717,0.047089383006095886,6.794429302215576,0,0,1,0,0,1,15,2,,0.13058316707611084,0.9274482727050781,0.007417574059218168,GENERATED
2021-06-22 15:24:45+02:00,3.384655475616455,12.802188873291016,0.007537501864135265,52.50712585449219,13.28027057647705,30.482379913330078,2.0877950191497803,21.487468719482422,0.028362305834889412,0.021084807813167572,19.11646842956543,0.6961290240287781,3.6682357788085938,1.5007325410842896,2.0508475303649902,9.149384498596191,2,,-96.16079711914062,-10.030218124389648,-70.5941162109375,16.299182891845703,12.268213272094727,6.277159214019775,10.823371887207031,24.0,6.130899429321289,9.927791595458984,2.2930638790130615,1801.0,20.0,20.0,3.0,1800.0,,12.709731101989746,1,2.65769362449646,0.06308154761791229,6.795017719268799,0,0,1,0,0,1,15,2,,0.3535193204879761,0.8980369567871094,0.007509236689656973,GENERATED
2021-06-22 15:24:46+02:00,3.3886289596557617,12.804617881774902,0.007651447784155607,52.50712203979492,13.280265808105469,31.142131805419922,1.1504591703414917,27.14731788635254,0.0284193754196167,0.021067194640636444,19.088382720947266,0.6982901692390442,3.70552396774292,1.469757080078125,2.0558602809906006,9.151531219482422,2,,-96.11610412597656,-10.074262619018555,-70.4843978881836,16.230417251586914,12.249589920043945,6.276645660400391,10.813732147216797,24.0,6.097525119781494,9.901107788085938,2.2992777824401855,1801.0,20.0,20.0,3.0,1800.0,,12.71398639678955,1,2.6508634090423584,0.09186892211437225,6.784287452697754,0,0,1,0,0,1,15,2,,0.4395151138305664,0.8571414947509766,0.007622323464602232,GENERATED
2021-06-22 15:24:47+02:00,3.394963502883911,12.813158988952637,0.0079332385212183,52.507118225097656,13.28026294708252,31.475927352905273,0.43813472986221313,23.007793426513672,0.02846439555287361,0.021062320098280907,19.0626220703125,0.7001610994338989,3.7367236614227295,1.4431631565093994,2.062788248062134,9.150364875793457,2,,-95.93619537353516,-10.111199378967285,-70.25899505615234,16.256288528442383,12.325603485107422,6.291406631469727,10.830583572387695,24.0,6.042298316955566,9.862550735473633,2.2864084243774414,1801.0,20.0,20.0,3.0,1800.0,,12.722453117370605,1,2.638943910598755,0.11458711326122284,6.796995162963867,0,0,1,0,0,1,15,2,,0.34925520420074463,0.8224825859069824,0.007901936769485474,GENERATED
2021-06-22 15:24:48+02:00,3.4029040336608887,12.824909210205078,0.008218315429985523,52.50711441040039,13.280261039733887,31.220458984375,0.3224903643131256,19.980266571044922,0.028533896431326866,0.0210732351988554,19.04145622253418,0.701716959476471,3.7630162239074707,1.420996904373169,2.070655584335327,9.147214889526367,2,,-95.65758514404297,-10.142740249633789,-69.94047546386719,16.339811325073242,12.461244583129883,6.322572231292725,10.873786926269531,24.0,5.974076271057129,9.814167976379395,2.2652177810668945,1801.0,20.0,20.0,3.0,1800.0,,12.731710433959961,1,2.6243233680725098,0.1249270886182785,6.832649230957031,0,0,1,0,0,1,15,2,,0.2989532947540283,0.8222484588623047,0.008184729143977165,GENERATED
2021-06-22 15:24:49+02:00,3.408379077911377,12.831692695617676,0.00826157908886671,52.507110595703125,13.280259132385254,30.40137481689453,0.6921019554138184,15.555831909179688,0.028590159490704536,0.021078160032629967,19.022951126098633,0.7030879855155945,3.786440372467041,1.4001721143722534,2.0775082111358643,9.148571014404297,2,,-95.50132751464844,-10.188468933105469,-69.72752380371094,16.332799911499023,12.484119415283203,6.359365940093994,10.918547630310059,24.0,5.932839870452881,9.777339935302734,2.2548601627349854,1801.0,20.0,20.0,3.0,1800.0,,12.733867645263672,1,2.6235785484313965,0.10969118773937225,6.874910354614258,0,0,1,0,0,1,15,2,,0.23984622955322266,0.8615963459014893,0.008227638900279999,GENERATED
2021-06-22 15:24:50+02:00,3.4121668338775635,12.835027694702148,0.007946585305035114,52.507110595703125,13.280259132385254,28.824331283569336,1.8720077276229858,14.59428596496582,0.02864147536456585,0.021080847829580307,19.006223678588867,0.7043406963348389,3.808058500289917,1.3805122375488281,2.0834994316101074,9.155860900878906,2,,-95.4944839477539,-10.228135108947754,-69.69125366210938,16.255659103393555,12.37957763671875,6.396755218505859,10.954421043395996,24.0,5.93682336807251,9.765413284301758,2.255964994430542,1801.0,20.0,20.0,3.0,1800.0,,12.731918334960938,1,2.644317626953125,0.07695560157299042,6.905895233154297,0,0,1,0,0,1,15,2,,0.2283461093902588,0.8769927024841309,0.007915178313851357,GENERATED
2021-06-22 15:24:51+02:00,3.4202306270599365,12.836029052734375,0.007655688561499119,52.507110595703125,13.280259132385254,28.949384689331055,2.668736696243286,17.551897048950195,0.02868535742163658,0.02108069323003292,18.99104118347168,0.7054836750030518,3.827958106994629,1.3618929386138916,2.0893752574920654,9.160295486450195,2,,-95.59727478027344,-10.267765045166016,-69.7165298461914,16.09504508972168,12.245765686035156,6.416865825653076,10.968117713928223,24.0,5.936378479003906,9.749788284301758,2.280285358428955,1801.0,20.0,20.0,3.0,1800.0,,12.732381820678711,1,2.6514763832092285,0.05515222251415253,6.917181968688965,0,0,1,0,0,1,15,2,,0.28151583671569824,0.8900423049926758,0.007626533042639494,GENERATED
2021-06-22 15:24:52+02:00,3.4237711429595947,12.831061363220215,0.007404650561511517,52.50710678100586,13.280259132385254,28.64280128479004,2.860555648803711,23.877843856811523,0.028720444068312645,0.02107774280011654,18.977188110351562,0.7065284848213196,3.8462517261505127,1.3443050384521484,2.0952720642089844,9.16653060913086,2,,-95.84861755371094,-10.335966110229492,-69.77787780761719,15.73104476928711,12.013324737548828,6.421353340148926,10.954181671142578,24.0,5.948554515838623,9.742781639099121,2.3137083053588867,1801.0,20.0,20.0,3.0,1800.0,,12.728006362915039,1,2.655320882797241,0.08049945533275604,6.909672737121582,0,0,1,0,0,1,15,2,,0.4014620780944824,0.9068973064422607,0.007377370726317167,GENERATED
2021-06-22 15:24:53+02:00,3.4219818115234375,12.825307846069336,0.00760256452485919,52.50710678100586,13.280258178710938,28.40764617919922,2.56807541847229,28.885513305664062,0.028740935027599335,0.02106839045882225,18.964500427246094,0.707490861415863,3.863229990005493,1.3276164531707764,2.1009621620178223,9.174110412597656,2,,-96.09275817871094,-10.416716575622559,-69.80076599121094,15.335054397583008,11.796916961669922,6.414701461791992,10.922633171081543,24.0,5.956489562988281,9.74180793762207,2.331324338912964,1801.0,20.0,20.0,3.0,1800.0,,12.72391414642334,1,2.659423351287842,0.11118750274181366,6.898426055908203,0,0,1,0,0,1,15,2,,0.4981541633605957,0.9029440879821777,0.007573810871690512,GENERATED
2021-06-22 15:24:54+02:00,3.421066999435425,12.823522567749023,0.007914908230304718,52.507102966308594,13.280257225036621,29.117916107177734,1.4340400695800781,29.945575714111328,0.02874208241701126,0.021049372851848602,18.95289421081543,0.7083802223205566,3.8790981769561768,1.3118016719818115,2.1062378883361816,9.180096626281738,2,,-96.32090759277344,-10.500408172607422,-69.84371185302734,14.992732048034668,11.598283767700195,6.412625789642334,10.898978233337402,24.0,5.9698967933654785,9.7479887008667,2.3382036685943604,1801.0,20.0,20.0,3.0,1800.0,,12.723392486572266,1,2.6692886352539062,0.1088753193616867,6.898380756378174,0,0,1,0,0,1,15,2,,0.5259609222412109,0.9129927158355713,0.007883749902248383,GENERATED
2021-06-22 15:24:55+02:00,3.4217724800109863,12.824694633483887,0.00823702197521925,52.50709915161133,13.280255317687988,30.403520584106445,0.2074493169784546,26.597379684448242,0.02872477099299431,0.02102035842835903,18.942319869995117,0.709202229976654,3.893963098526001,1.2970449924468994,2.1107771396636963,9.183136940002441,2,,-96.42744445800781,-10.5458345413208,-69.88322448730469,14.850241661071777,11.500073432922363,6.419668674468994,10.898253440856934,24.0,5.970328330993652,9.746936798095703,2.33154296875,1801.0,20.0,20.0,3.0,1800.0,,12.72476863861084,1,2.674801826477051,0.07881836593151093,6.912804126739502,0,0,1,0,0,1,15,2,,0.4558347463607788,0.9103848934173584,0.008203282952308655,GENERATED
2021-06-22 15:24:56+02:00,3.4213733673095703,12.82919979095459,0.008326896466314793,52.50709533691406,13.280252456665039,30.63995933532715,0.332960844039917,25.063669204711914,0.028698595240712166,0.02098693512380123,18.932903289794922,0.7099447846412659,3.907543659210205,1.2836925983428955,2.1145689487457275,9.182792663574219,2,,-96.2459487915039,-10.560086250305176,-69.67489624023438,14.906442642211914,11.595658302307129,6.431178092956543,10.915751457214355,24.0,5.950071334838867,9.735103607177734,2.3070578575134277,1801.0,20.0,20.0,3.0,1800.0,,12.725963592529297,1,2.6789236068725586,0.07444243133068085,6.925490856170654,0,0,1,0,0,1,15,2,,0.41476941108703613,0.8869013786315918,0.008292419835925102,GENERATED
2021-06-22 15:24:57+02:00,3.422183036804199,12.835326194763184,0.00814005360007286,52.5070915222168,13.28024959564209,30.819799423217773,0.7530522346496582,21.89451026916504,0.028676258400082588,0.020958421751856804,18.924854278564453,0.7105758786201477,3.919076442718506,1.2717258930206299,2.117732524871826,9.18203067779541,2,,-96.00738525390625,-10.582013130187988,-69.38414764404297,14.983202934265137,11.73213005065918,6.441699504852295,10.932624816894531,24.0,5.937793254852295,9.728128433227539,2.2876031398773193,1801.0,20.0,20.0,3.0,1800.0,,12.727411270141602,1,2.6915853023529053,0.07118634879589081,6.929981708526611,0,0,1,0,0,1,15,2,,0.3618645668029785,0.9004156589508057,0.008107101544737816,GENERATED
2021-06-22 15:24:58+02:00,3.4226365089416504,12.839076042175293,0.007989296689629555,52.5070915222168,13.280247688293457,30.378278732299805,1.6488746404647827,20.588428497314453,0.028661556541919708,0.020937951281666756,18.918140411376953,0.7110950946807861,3.9284934997558594,1.2610567808151245,2.1206064224243164,9.181520462036133,2,,-95.90496826171875,-10.611223220825195,-69.2245864868164,15.004399299621582,11.801466941833496,6.447269439697266,10.939717292785645,24.0,5.937689781188965,9.728779792785645,2.276247024536133,1801.0,20.0,20.0,3.0,1800.0,,12.727750778198242,1,2.7037880420684814,0.06734232604503632,6.929938793182373,0,0,1,0,0,1,15,2,,0.3448653221130371,0.9180622100830078,0.007957551628351212,GENERATED
2021-06-22 15:24:59+02:00,3.426076650619507,12.841084480285645,0.00799325667321682,52.5070915222168,13.28024673461914,30.44911003112793,2.46677303314209,22.560495376586914,0.02864879183471203,0.020922135561704636,18.9124755859375,0.7115262150764465,3.9362521171569824,1.2515873908996582,2.1235361099243164,9.18303108215332,2,,-95.88396453857422,-10.647074699401855,-69.11270904541016,14.912607192993164,11.783262252807617,6.452000617980957,10.939356803894043,24.0,5.919574737548828,9.711837768554688,2.280395746231079,1801.0,20.0,20.0,3.0,1800.0,,12.730009078979492,1,2.7070364952087402,0.07073907554149628,6.929698944091797,0,0,1,0,0,1,15,2,,0.37305748462677,0.8979575634002686,0.00796147994697094,GENERATED
2021-06-22 15:25:00+02:00,3.428370714187622,12.8408203125,0.007993962615728378,52.5070915222168,13.28024673461914,29.397546768188477,2.770500898361206,29.026079177856445,0.028624143451452255,0.020902371034026146,18.907947540283203,0.7118715047836304,3.9425854682922363,1.242928147315979,2.1266191005706787,9.179595947265625,2,,-95.93355560302734,-10.711648941040039,-68.98235321044922,14.712376594543457,11.737735748291016,6.44455099105835,10.921040534973145,24.0,5.900689601898193,9.692314147949219,2.3030636310577393,1801.0,20.0,20.0,3.0,1800.0,,12.73060417175293,1,2.7015366554260254,0.10575132071971893,6.916994571685791,0,0,1,0,0,1,15,2,,0.4656304121017456,0.839118480682373,0.00796218030154705,GENERATED
2021-06-22 15:25:01+02:00,3.428661346435547,12.84176254272461,0.008099091239273548,52.5070915222168,13.28024673461914,28.957021713256836,2.715143918991089,39.388545989990234,0.028598768636584282,0.02088327519595623,18.904003143310547,0.7121725678443909,3.9481399059295654,1.2352533340454102,2.1296932697296143,9.177468299865723,2,,-95.90495300292969,-10.776241302490234,-68.73248291015625,14.512248992919922,11.759414672851562,6.432937145233154,10.89920425415039,24.0,5.88616418838501,9.683996200561523,2.3133182525634766,1801.0,20.0,20.0,3.0,1800.0,,12.73198127746582,1,2.697524309158325,0.15638689696788788,6.899968147277832,0,0,1,0,0,1,15,2,,0.6162540912628174,0.7505457401275635,0.008066469803452492,GENERATED
2021-06-22 15:25:02+02:00,3.431946277618408,12.845115661621094,0.008391398936510086,52.5070915222168,13.28024673461914,28.646839141845703,2.161989212036133,46.621402740478516,0.0285732913762331,0.02086494117975235,18.90061378479004,0.712432324886322,3.952972412109375,1.2283706665039062,2.132596492767334,9.180112838745117,2,,-95.84190368652344,-10.826448440551758,-68.48273468017578,14.331286430358887,11.771612167358398,6.438657283782959,10.895988464355469,24.0,5.866217613220215,9.667793273925781,2.311471462249756,1801.0,20.0,20.0,3.0,1800.0,,12.735445976257324,1,2.7054810523986816,0.16773919761180878,6.90009069442749,0,0,1,0,0,1,15,2,,0.6949644088745117,0.6567034721374512,0.008356386795639992,GENERATED
2021-06-22 15:25:03+02:00,3.4363157749176025,12.849745750427246,0.0087349321693182,52.5070915222168,13.28024673461914,29.262819290161133,0.3151076138019562,47.9711799621582,0.028549790382385254,0.020848261192440987,18.897640228271484,0.7126604914665222,3.9572360515594482,1.2221100330352783,2.1352384090423584,9.184518814086914,2,,-95.76904296875,-10.853816986083984,-68.30447387695312,14.202692031860352,11.760671615600586,6.454865455627441,10.906683921813965,24.0,5.8496198654174805,9.652770042419434,2.301413059234619,1801.0,20.0,20.0,3.0,1800.0,,12.74020004272461,1,2.7168734073638916,0.1432362049818039,6.915648460388184,0,0,1,0,0,1,15,2,,0.7389624118804932,0.6660380363464355,0.00869700312614441,GENERATED
2021-06-22 15:25:04+02:00,3.440436363220215,12.85473346710205,0.009091313928365707,52.5070915222168,13.28024673461914,29.91682243347168,0.18691754341125488,49.715187072753906,0.028528571128845215,0.020833298563957214,18.895023345947266,0.7128616571426392,3.9610061645507812,1.2163680791854858,2.1375982761383057,9.188652992248535,2,,-95.6092758178711,-10.832293510437012,-68.17823028564453,14.22877311706543,11.784309387207031,6.47574520111084,10.931640625,24.0,5.816032409667969,9.62380313873291,2.280640125274658,1801.0,20.0,20.0,3.0,1800.0,,12.745223045349121,1,2.7193429470062256,0.11677531898021698,6.940074920654297,0,0,1,0,0,1,15,2,,0.7403972148895264,0.6275651454925537,0.009050237014889717,GENERATED
2021-06-22 15:25:05+02:00,3.4473025798797607,12.856904983520508,0.009112756699323654,52.5070915222168,13.28024673461914,29.889039993286133,0.23284122347831726,48.51620101928711,0.028509579598903656,0.02082005888223648,18.892730712890625,0.7130376696586609,3.9643139839172363,1.2110788822174072,2.139704704284668,9.194518089294434,2,,-95.36386108398438,-10.819622039794922,-67.95740509033203,14.242168426513672,11.793119430541992,6.503405570983887,10.960042953491211,24.0,5.763334274291992,9.561622619628906,2.2699804306030273,1801.0,20.0,20.0,3.0,1800.0,,12.745473861694336,1,2.7372207641601562,0.08467058837413788,6.958138942718506,0,0,1,0,0,1,15,2,,0.7190506458282471,0.6357998847961426,0.009071486070752144,GENERATED
2021-06-22 15:25:06+02:00,3.468782663345337,12.857561111450195,0.009390457533299923,52.5070915222168,13.28024673461914,29.828866958618164,0.7382590174674988,47.62881088256836,0.028492173179984093,0.020808199420571327,18.8907470703125,0.7131898999214172,3.967191457748413,1.2061946392059326,2.141613006591797,9.197212219238281,2,,-95.21498107910156,-10.855324745178223,-67.74978637695312,14.236810684204102,11.864689826965332,6.530580997467041,10.988130569458008,24.0,5.670340061187744,9.359903335571289,2.257012367248535,1801.0,20.0,20.0,3.0,1800.0,,12.74427604675293,1,2.7451090812683105,0.07227616012096405,6.991020679473877,0,0,1,0,0,1,15,2,,0.7003583908081055,0.6388695240020752,0.009346641600131989,GENERATED
2021-06-22 15:25:07+02:00,3.532972812652588,12.853232383728027,0.010973085649311543,52.5070915222168,13.28024673461914,28.72701644897461,1.4502463340759277,45.46091842651367,0.02847626805305481,0.02079756185412407,18.88901710510254,0.7133226990699768,3.9697163105010986,1.2017099857330322,2.1433627605438232,9.20549488067627,2,,-95.0905990600586,-10.900064468383789,-67.59068298339844,14.305790901184082,12.024815559387207,6.577093601226807,11.041193962097168,24.0,5.366759300231934,8.770977020263672,2.232121229171753,1801.0,20.0,20.0,3.0,1800.0,,12.747696876525879,1,2.7111735343933105,0.08692030608654022,7.077464580535889,0,0,1,0,0,1,15,2,,0.6510374546051025,0.64064621925354,0.010913318023085594,GENERATED
2021-06-22 15:25:08+02:00,3.576704263687134,12.850996971130371,0.01200036983937025,52.5070915222168,13.28024673461914,27.351573944091797,2.261909008026123,42.75291442871094,0.02846144139766693,0.02078779973089695,18.887493133544922,0.7134400010108948,3.971958637237549,1.1976048946380615,2.1449739933013916,9.20847225189209,2,,-94.8567886352539,-10.930569648742676,-67.36036682128906,14.374149322509766,12.12507438659668,6.602954864501953,11.071880340576172,24.0,5.116954326629639,8.38185977935791,2.219513416290283,1801.0,20.0,20.0,3.0,1800.0,,12.753793716430664,1,2.6779098510742188,0.1066165417432785,7.118505001068115,0,0,1,0,0,1,15,2,,0.603461742401123,0.652754545211792,0.011928936466574669,GENERATED
2021-06-22 15:25:09+02:00,3.6022045612335205,12.85598373413086,0.01242942363023758,52.5070915222168,13.28024673461914,27.412662506103516,2.7613542079925537,40.90667724609375,0.028447657823562622,0.020778823643922806,18.886150360107422,0.7135438323020935,3.9739551544189453,1.1938495635986328,2.1464550495147705,9.2048978805542,2,,-94.30059814453125,-10.936967849731445,-66.82809448242188,14.634723663330078,12.403535842895508,6.604913234710693,11.091097831726074,25.0,4.932651996612549,8.229342460632324,2.209742546081543,1801.0,20.0,20.0,3.0,1800.0,,12.768526077270508,1,2.6479814052581787,0.12117938697338104,7.112729549407959,0,0,1,0,0,1,15,2,,0.5815656185150146,0.6712195873260498,0.01235281303524971,GENERATED
2021-06-22 15:25:10+02:00,3.62345552444458,12.862480163574219,0.012875178828835487,52.5070915222168,13.28024673461914,26.788257598876953,2.869361162185669,35.612060546875,0.028434794396162033,0.020770546048879623,18.884971618652344,0.7136352062225342,3.9757285118103027,1.1904085874557495,2.1478116512298584,9.20284366607666,2,,-93.62277221679688,-10.918227195739746,-66.15087127685547,14.833074569702148,12.67910385131836,6.628012180328369,11.134029388427734,25.0,4.784065246582031,8.127001762390137,2.1957552433013916,1801.0,20.0,20.0,3.0,1800.0,,12.782471656799316,1,2.6433849334716797,0.11695580184459686,7.128993511199951,0,0,1,0,0,1,15,2,,0.5399858951568604,0.7539088726043701,0.012792997062206268,GENERATED
2021-06-22 15:25:11+02:00,3.6390156745910645,12.871001243591309,0.013186249881982803,52.5070915222168,13.28024673461914,26.842134475708008,2.4599757194519043,24.515655517578125,0.028422772884368896,0.020762890577316284,18.883941650390625,0.7137154936790466,3.9773008823394775,1.1872549057006836,2.149049997329712,9.20388126373291,2,,-92.94023132324219,-10.893952369689941,-65.46026611328125,15.031112670898438,12.977009773254395,6.647698879241943,11.172768592834473,25.0,4.669944763183594,8.062158584594727,2.177011489868164,1801.0,20.0,20.0,3.0,1800.0,,12.795782089233398,1,2.640763998031616,0.09658960998058319,7.139584064483643,0,0,1,0,0,1,15,2,,0.401996374130249,0.8814620971679688,0.013100069016218185,GENERATED
2021-06-22 15:25:12+02:00,3.650559186935425,12.874532699584961,0.013772879727184772,52.5070915222168,13.28024673461914,29.01792335510254,0.3883121907711029,15.122220993041992,0.028411567211151123,0.02075582556426525,18.88304328918457,0.7137858271598816,3.9786911010742188,1.1843692064285278,2.150179147720337,9.207109451293945,2,,-92.47852325439453,-10.86776351928711,-65.00131225585938,15.21392822265625,13.266042709350586,6.642646312713623,11.181228637695312,25.0,4.584532260894775,8.01995849609375,2.1640870571136475,1801.0,20.0,20.0,3.0,1800.0,,12.80142879486084,1,2.6283624172210693,0.056290432810783386,7.130280017852783,0,0,1,0,0,1,15,2,,0.2538318634033203,0.9392940998077393,0.013678895309567451,GENERATED
2021-06-22 15:25:13+02:00,3.6624460220336914,12.88114070892334,0.01420320849865675,52.5070915222168,13.28024673461914,29.379831314086914,0.026258086785674095,14.852160453796387,0.028401121497154236,0.020749304443597794,18.882261276245117,0.7138472199440002,3.979917526245117,1.1817330121994019,2.151207685470581,9.215312957763672,2,,-91.96710205078125,-10.770484924316406,-64.64737701416016,15.591108322143555,13.645822525024414,6.638000965118408,11.191457748413086,25.0,4.529547214508057,7.990451812744141,2.153470993041992,1801.0,20.0,20.0,3.0,1800.0,,12.810351371765137,1,2.607876777648926,-0.0313999205827713,7.113356590270996,0,0,1,0,0,1,15,2,,0.21000409126281738,0.7919137477874756,0.014103286899626255,GENERATED
2021-06-22 15:25:14+02:00,3.6752305030822754,12.889350891113281,0.014635435305535793,52.5070915222168,13.28024673461914,29.095108032226562,-0.1036500483751297,22.39760398864746,0.028391491621732712,0.020743360742926598,18.8815860748291,0.7139005064964294,3.9809930324554443,1.1793313026428223,2.1521425247192383,9.221776962280273,2,,-91.53448486328125,-10.691839218139648,-64.34920501708984,15.931468963623047,13.985742568969727,6.628200531005859,11.19223403930664,25.0,4.471678256988525,7.957703590393066,2.1447577476501465,1801.0,20.0,20.0,3.0,1800.0,,12.822884559631348,1,2.5800342559814453,-0.06875653564929962,7.093408107757568,0,0,1,0,0,1,15,2,,0.3223888874053955,0.7822668552398682,0.014529370702803135,GENERATED
2021-06-22 15:25:15+02:00,3.686807632446289,12.899158477783203,0.014911221340298653,52.5070915222168,13.28024673461914,29.25383949279785,0.06923789530992508,24.333805084228516,0.02838272601366043,0.020738020539283752,18.881004333496094,0.7139464616775513,3.981926441192627,1.177144169807434,2.1529898643493652,9.224513053894043,2,,-91.13282775878906,-10.649879455566406,-64.01988220214844,16.277523040771484,14.358662605285645,6.610768795013428,11.18546199798584,25.0,4.420536994934082,7.932091236114502,2.1360578536987305,1801.0,20.0,20.0,3.0,1800.0,,12.836580276489258,1,2.547971487045288,-0.062441542744636536,7.069467544555664,0,0,1,0,0,1,15,2,,0.36584389209747314,0.8089814186096191,0.014801141805946827,GENERATED
2021-06-22 15:25:16+02:00,3.6992433071136475,12.911377906799316,0.015308825299143791,52.5070915222168,13.28024673461914,28.382511138916016,0.18831412494182587,26.729690551757812,0.028374819085001945,0.020733283832669258,18.880510330200195,0.7139855623245239,3.9827287197113037,1.1751505136489868,2.1537561416625977,9.227606773376465,2,,-90.67234802246094,-10.580982208251953,-63.66337585449219,16.67494773864746,14.787094116210938,6.591691493988037,11.179336547851562,25.0,4.363641262054443,7.905965805053711,2.130082845687866,1801.0,20.0,20.0,3.0,1800.0,,12.854294776916504,1,2.4974045753479004,-0.04529304802417755,7.043933391571045,0,0,1,0,0,1,15,2,,0.41469907760620117,0.8234739303588867,0.015192828141152859,GENERATED
2021-06-22 15:25:17+02:00,3.7082011699676514,12.914589881896973,0.015559304505586624,52.5070915222168,13.28024673461914,27.034114837646484,0.11412602663040161,29.823774337768555,0.02836768701672554,0.02072909101843834,18.880088806152344,0.7140186429023743,3.9834160804748535,1.1733304262161255,2.154449701309204,9.227006912231445,2,,-90.26338195800781,-10.515007019042969,-63.327632904052734,17.050302505493164,15.18835735321045,6.578150749206543,11.181757926940918,25.0,4.320783615112305,7.878814697265625,2.131880044937134,1801.0,20.0,20.0,3.0,1800.0,,12.861395835876465,1,2.4716854095458984,-0.034208253026008606,7.027467727661133,0,0,1,0,0,1,15,2,,0.45571112632751465,0.7949514389038086,0.015439499169588089,GENERATED
2021-06-22 15:25:18+02:00,3.7153899669647217,12.916522979736328,0.015828292816877365,52.5070915222168,13.28024673461914,26.941640853881836,0.004305585753172636,33.12677764892578,0.028361178934574127,0.020725330337882042,18.879730224609375,0.7140467166900635,3.984005928039551,1.1716668605804443,2.1550793647766113,9.225985527038574,2,,-89.81007385253906,-10.407668113708496,-62.98314666748047,17.476634979248047,15.638617515563965,6.562981128692627,11.183446884155273,25.0,4.2853217124938965,7.85771369934082,2.14052414894104,1801.0,20.0,20.0,3.0,1800.0,,12.866660118103027,1,2.442199230194092,-0.021319344639778137,7.00351619720459,0,0,1,0,0,1,15,2,,0.49951767921447754,0.7654762268066406,0.015704331919550896,GENERATED
2021-06-22 15:25:19+02:00,3.7225148677825928,12.917744636535645,0.01617930643260479,52.5070915222168,13.28024673461914,26.5286865234375,-0.03454050049185753,35.90946960449219,0.028355203568935394,0.020721929147839546,18.87942886352539,0.7140705585479736,3.984513998031616,1.170147180557251,2.1556529998779297,9.227253913879395,2,,-89.32616424560547,-10.298707962036133,-62.61458206176758,17.86676788330078,16.03934669494629,6.547976493835449,11.18329906463623,25.0,4.267946243286133,7.846303939819336,2.148348808288574,1801.0,20.0,20.0,3.0,1800.0,,12.87079906463623,1,2.414780855178833,-0.03169555962085724,6.978390693664551,0,0,1,0,0,1,15,2,,0.548079252243042,0.7568783760070801,0.016049815341830254,GENERATED
2021-06-22 15:25:20+02:00,3.72951340675354,12.918501853942871,0.016664426773786545,52.5070915222168,13.28024673461914,26.54303741455078,-0.050880201160907745,35.945838928222656,0.02834978885948658,0.020718879997730255,18.879167556762695,0.7140911221504211,3.9849584102630615,1.1687626838684082,2.156175374984741,9.229231834411621,2,,-88.996826171875,-10.208456993103027,-62.384376525878906,18.068180084228516,16.246665954589844,6.540864944458008,11.183074951171875,25.0,4.244180679321289,7.828066349029541,2.153671979904175,1801.0,20.0,20.0,3.0,1800.0,,12.87523078918457,1,2.3880159854888916,-0.037713244557380676,6.964719295501709,0,0,1,0,0,1,15,2,,0.5523675680160522,0.7617819309234619,0.016527099534869194,GENERATED
2021-06-22 15:25:21+02:00,3.7367334365844727,12.919355392456055,0.017170816659927368,52.5070915222168,13.28024673461914,26.49747085571289,0.03118467889726162,31.6420955657959,0.02834489569067955,0.020716151222586632,18.878942489624023,0.7141090035438538,3.985347032546997,1.1675024032592773,2.1566498279571533,9.232611656188965,2,,-88.67139434814453,-10.121465682983398,-62.16134262084961,18.263614654541016,16.432811737060547,6.540599822998047,11.18997859954834,25.0,4.228016376495361,7.8083977699279785,2.1585817337036133,1801.0,20.0,20.0,3.0,1800.0,,12.878658294677734,1,2.373241901397705,-0.07562227547168732,6.961562633514404,0,0,1,0,0,1,15,2,,0.49557316303253174,0.804218053817749,0.017025062814354897,GENERATED
2021-06-22 15:25:22+02:00,3.7423722743988037,12.920117378234863,0.017616592347621918,52.5070915222168,13.28024673461914,24.832792282104492,0.27154138684272766,30.879690170288086,0.028340475633740425,0.020713703706860542,18.878746032714844,0.7141245007514954,3.985689163208008,1.166355013847351,2.1570799350738525,9.237504005432129,2,,-88.49791717529297,-10.036382675170898,-62.112422943115234,18.357248306274414,16.485673904418945,6.541226863861084,11.192681312561035,25.0,4.215348720550537,7.784200191497803,2.1611645221710205,1801.0,20.0,20.0,3.0,1800.0,,12.88139820098877,1,2.364076852798462,-0.11844463646411896,6.962783336639404,0,0,1,0,0,1,15,2,,0.47129666805267334,0.7881131172180176,0.01746322028338909,GENERATED
2021-06-22 15:25:23+02:00,3.746724843978882,12.920464515686035,0.017946787178516388,52.5070915222168,13.28024673461914,24.41284942626953,0.5868831872940063,31.299135208129883,0.028336480259895325,0.0207115076482296,18.87857437133789,0.7141380906105042,3.985990047454834,1.1653096675872803,2.1574692726135254,9.238182067871094,2,,-88.33451080322266,-9.96972942352295,-62.028717041015625,18.46746826171875,16.598562240600586,6.533559322357178,11.187443733215332,25.0,4.191751956939697,7.760865688323975,2.160900592803955,1801.0,20.0,20.0,3.0,1800.0,,12.884014129638672,1,2.3456690311431885,-0.11011596024036407,6.951452255249023,0,0,1,0,0,1,15,2,,0.4748457670211792,0.781010627746582,0.017787644639611244,GENERATED
2021-06-22 15:25:24+02:00,3.750549554824829,12.92137622833252,0.01832018978893757,52.5070915222168,13.28024673461914,24.5020751953125,0.8823761343955994,32.52125549316406,0.028332868590950966,0.020709538832306862,18.8784236907959,0.7141498923301697,3.9862546920776367,1.16435706615448,2.1578218936920166,9.238332748413086,2,,-88.23941802978516,-9.898021697998047,-62.02315902709961,18.50836181640625,16.64096450805664,6.526741981506348,11.17911148071289,25.0,4.159243106842041,7.734164714813232,2.157273054122925,1801.0,20.0,20.0,3.0,1800.0,,12.888081550598145,1,2.3276214599609375,-0.08802171051502228,6.941010475158691,0,0,1,0,0,1,15,2,,0.5024254322052002,0.7880046367645264,0.01815439760684967,GENERATED
2021-06-22 15:25:25+02:00,3.7502386569976807,12.918304443359375,0.018714992329478264,52.5070915222168,13.28024673461914,25.157344818115234,0.8031771779060364,34.218135833740234,0.028329597786068916,0.020707769319415092,18.8782958984375,0.714160144329071,3.98648738861084,1.1634889841079712,2.158141613006592,9.238009452819824,2,,-88.14085388183594,-9.841025352478027,-61.97760772705078,18.514345169067383,16.673669815063477,6.517605304718018,11.168482780456543,25.0,4.1237640380859375,7.704182147979736,2.1546037197113037,1801.0,20.0,20.0,3.0,1800.0,,12.88631820678711,1,2.308896064758301,-0.053243592381477356,6.930715084075928,0,0,1,0,0,1,15,2,,0.5404620170593262,0.7947244644165039,0.01854202151298523,GENERATED
2021-06-22 15:25:26+02:00,3.7466046810150146,12.911463737487793,0.019210603088140488,52.5070915222168,13.28024673461914,25.311473846435547,0.2816759943962097,34.95902633666992,0.028326641768217087,0.0207061804831028,18.878183364868164,0.7141690850257874,3.986691951751709,1.1626981496810913,2.1584315299987793,9.235715866088867,2,,-87.94465637207031,-9.770195007324219,-61.825077056884766,18.58051300048828,16.797557830810547,6.501837730407715,11.15125846862793,25.0,4.076972007751465,7.676249027252197,2.1507527828216553,1801.0,20.0,20.0,3.0,1800.0,,12.880489349365234,1,2.2913293838500977,0.0014200665755197406,6.906290531158447,0,0,1,0,0,1,15,2,,0.5344846248626709,0.7644860744476318,0.01902841031551361,GENERATED
2021-06-22 15:25:27+02:00,3.744436025619507,12.904851913452148,0.019647231325507164,52.5070915222168,13.28024673461914,24.914461135864258,0.2293843775987625,35.02679443359375,0.028323965147137642,0.02070474810898304,18.87808609008789,0.7141768336296082,3.986872673034668,1.161978006362915,2.1586945056915283,9.231344223022461,2,,-87.71139526367188,-9.718038558959961,-61.6006965637207,18.699298858642578,16.98174476623535,6.4862518310546875,11.139437675476074,25.0,4.047723770141602,7.66334867477417,2.149494171142578,1801.0,20.0,20.0,3.0,1800.0,,12.876324653625488,1,2.2783396244049072,0.04217557609081268,6.8881354331970215,0,0,1,0,0,1,15,2,,0.5160269737243652,0.7362298965454102,0.019456716254353523,GENERATED
2021-06-22 15:25:28+02:00,3.743561029434204,12.898443222045898,0.020084459334611893,52.5070915222168,13.28024673461914,25.133838653564453,0.6503217220306396,33.2653923034668,0.02832154370844364,0.02070346474647522,18.878000259399414,0.7141835689544678,3.9870312213897705,1.1613224744796753,2.158933162689209,9.227951049804688,2,,-87.39463806152344,-9.651330947875977,-61.312416076660156,18.87128448486328,17.190126419067383,6.472758769989014,11.135001182556152,25.0,4.0370917320251465,7.665887832641602,2.160879373550415,1801.0,20.0,20.0,3.0,1800.0,,12.872834205627441,1,2.264212131500244,0.043880268931388855,6.876362323760986,0,0,1,0,0,1,15,2,,0.5100750923156738,0.7775380611419678,0.019885428249835968,GENERATED
2021-06-22 15:25:29+02:00,3.741511344909668,12.89445972442627,0.020585352554917336,52.5070915222168,13.28024673461914,25.24121856689453,1.7799886465072632,28.25140953063965,0.028319351375102997,0.020702309906482697,18.877927780151367,0.7141894698143005,3.987170934677124,1.1607259511947632,2.159149408340454,9.229047775268555,2,,-87.14265441894531,-9.542951583862305,-61.163818359375,18.986988067626953,17.286945343017578,6.466969013214111,11.137081146240234,25.0,4.047644138336182,7.688085079193115,2.1799769401550293,1801.0,20.0,20.0,3.0,1800.0,,12.871000289916992,1,2.2457363605499268,0.013541505672037601,6.872411251068115,0,0,1,0,0,1,15,2,,0.4416935443878174,0.8219830989837646,0.020376337692141533,GENERATED
2021-06-22 15:25:30+02:00,3.741223096847534,12.890735626220703,0.02117285318672657,52.5070915222168,13.28024673461914,25.84885597229004,2.6160240173339844,24.822484970092773,0.028317373245954514,0.020701274275779724,18.877864837646484,0.7141944766044617,3.987293243408203,1.160183310508728,2.1593453884124756,9.231127738952637,2,,-86.9493637084961,-9.460305213928223,-61.05941390991211,19.008214950561523,17.278221130371094,6.471088886260986,11.146142959594727,25.0,4.053470611572266,7.694224834442139,2.1907176971435547,1801.0,20.0,20.0,3.0,1800.0,,12.868721961975098,1,2.2328081130981445,-0.03885407745838165,6.8836870193481445,0,0,1,0,0,1,15,2,,0.3854557275772095,0.833343505859375,0.020951824262738228,GENERATED
2021-06-22 15:25:31+02:00,3.736427068710327,12.8933687210083,0.021581033244729042,52.5070915222168,13.28024673461914,24.506694793701172,2.9055819511413574,23.867847442626953,0.0283155869692564,0.020700344815850258,18.877809524536133,0.714198887348175,3.987401008605957,1.1596896648406982,2.1595230102539062,9.243401527404785,2,,-87.1978530883789,-9.41695499420166,-61.40932083129883,18.764511108398438,16.960357666015625,6.490898132324219,11.159784317016602,25.0,4.059404373168945,7.683399677276611,2.1871023178100586,1801.0,20.0,20.0,3.0,1800.0,,12.864825248718262,1,2.2304084300994873,-0.11013193428516388,6.918609619140625,0,0,1,0,0,1,15,2,,0.3810296058654785,0.8611464500427246,0.021351458504796028,GENERATED
2021-06-22 15:25:32+02:00,3.734797239303589,12.891258239746094,0.02201583981513977,52.5070915222168,13.28024673461914,24.370458602905273,2.807481288909912,26.493175506591797,0.028313975781202316,0.02069951221346855,18.877761840820312,0.7142026424407959,3.9874956607818604,1.1592410802841187,2.1596839427948,9.247154235839844,2,,-87.15692138671875,-9.380308151245117,-61.38376998901367,18.584409713745117,16.80850601196289,6.50218391418457,11.165115356445312,25.0,4.049004554748535,7.673099517822266,2.1897053718566895,1801.0,20.0,20.0,3.0,1800.0,,12.860173225402832,1,2.232841968536377,-0.14685769379138947,6.93260383605957,0,0,1,0,0,1,15,2,,0.4405550956726074,0.8838803768157959,0.021776990965008736,GENERATED
2021-06-22 15:25:33+02:00,3.7343051433563232,12.8898286819458,0.0223606675863266,52.5070915222168,13.28024673461914,25.167633056640625,2.230325698852539,29.432527542114258,0.028312524780631065,0.02069876715540886,18.877721786499023,0.7142059206962585,3.9875783920288086,1.1588329076766968,2.159829616546631,9.249333381652832,2,,-87.07245635986328,-9.346110343933105,-61.328086853027344,18.509077072143555,16.742828369140625,6.507412433624268,11.166755676269531,25.0,4.0337300300598145,7.663424015045166,2.1941275596618652,1801.0,20.0,20.0,3.0,1800.0,,12.858353614807129,1,2.2308602333068848,-0.168181374669075,6.936090469360352,0,0,1,0,0,1,15,2,,0.4953734874725342,0.8779804706573486,0.022114332765340805,GENERATED
2021-06-22 15:25:34+02:00,3.7343175411224365,12.888996124267578,0.02252744883298874,52.5070915222168,13.28024673461914,26.191396713256836,0.6733278036117554,31.504453659057617,0.028311217203736305,0.020698102191090584,18.877685546875,0.714208722114563,3.9876503944396973,1.1584619283676147,2.159961462020874,9.25071907043457,2,,-86.9027328491211,-9.320091247558594,-61.18390655517578,18.593952178955078,16.828792572021484,6.503419876098633,11.16507339477539,25.0,4.028985977172852,7.665852069854736,2.1993045806884766,1801.0,20.0,20.0,3.0,1800.0,,12.858074188232422,1,2.2247464656829834,-0.17786307632923126,6.926797389984131,0,0,1,0,0,1,15,2,,0.5430412292480469,0.8860080242156982,0.022277453914284706,GENERATED
2021-06-22 15:25:35+02:00,3.733854293823242,12.888410568237305,0.022433368489146233,52.5070915222168,13.28024673461914,26.317277908325195,0.4069057106971741,35.338706970214844,0.028310038149356842,0.02069750800728798,18.877655029296875,0.7142111659049988,3.9877138137817383,1.1581248044967651,2.160080909729004,9.252074241638184,2,,-86.67484283447266,-9.316452980041504,-60.96597671508789,18.871200561523438,17.10455322265625,6.487350940704346,11.158242225646973,25.0,4.03220796585083,7.671180725097656,2.2061543464660645,1801.0,20.0,20.0,3.0,1800.0,,12.857431411743164,1,2.214475393295288,-0.16982002556324005,6.903482437133789,0,0,1,0,0,1,15,2,,0.5644886493682861,0.7961149215698242,0.022185442969202995,GENERATED
2021-06-22 15:25:36+02:00,3.733205795288086,12.88669490814209,0.022412089630961418,52.5070915222168,13.28024673461914,26.484460830688477,0.5837575793266296,39.00496292114258,0.02830897644162178,0.0206969752907753,18.877628326416016,0.7142132520675659,3.9877688884735107,1.1578186750411987,2.160189151763916,9.252035140991211,2,,-86.48686981201172,-9.296107292175293,-60.79852294921875,19.119380950927734,17.356958389282227,6.468341827392578,11.146812438964844,25.0,4.029499053955078,7.669029712677002,2.2134790420532227,1801.0,20.0,20.0,3.0,1800.0,,12.857240676879883,1,2.201850175857544,-0.1483430415391922,6.88057804107666,0,0,1,0,0,1,15,2,,0.6342434883117676,0.7830867767333984,0.02216462977230549,GENERATED
2021-06-22 15:25:37+02:00,3.7319295406341553,12.883810043334961,0.022488297894597054,52.5070915222168,13.28024673461914,25.602596282958984,1.4572066068649292,37.98265075683594,0.028308020904660225,0.020696502178907394,18.877607345581055,0.7142150402069092,3.9878175258636475,1.1575403213500977,2.160287380218506,9.250365257263184,2,,-86.2745361328125,-9.23084545135498,-60.63559341430664,19.308284759521484,17.56844711303711,6.448000431060791,11.131728172302246,25.0,4.023152828216553,7.666739463806152,2.228738784790039,1801.0,20.0,20.0,3.0,1800.0,,12.856727600097656,1,2.18648099899292,-0.12112708389759064,6.855123043060303,0,0,1,0,0,1,15,2,,0.5896821022033691,0.7552299499511719,0.022239165380597115,GENERATED
2021-06-22 15:25:38+02:00,3.3178157727231046,12.884108726347916,0.001678,52.495738333333335,13.283501666666666,75.3,2.414662996399396,301.4,0.0,0.0,21.59,0.61,2.35,8.57903,3.555129873877309,9.177762031555176,2,Tunnel,-105.7175,-12.5375,-73.295,1.40899998344481,0.9549999903142452,7.9561263512135,10.808434182709625,8.0,6.964135612418245,10.070187728427126,2.9899227479651205,1801.0,20.0,20.0,3.0,1800.0,A2D,12.899222326086994,1,7.866722285136729,5.198497031265826,4.174387269895637,0,0,1,0,0,1,15,1,2021-06-22,-0.8535507972753277,0.5210096318405759,0.0016765937309265553,REAL_AFTER
2021-06-22 15:25:39+02:00,3.3250360206965914,12.90669432231532,0.0022789999999999998,52.49606333333333,13.28375,55.5,3.070709867477071,328.1,0.0,0.0,21.59,0.61,2.35,8.57903,0.9015808008942623,9.095478057861328,2,Tunnel,-106.210625,-14.015625,-71.65125,-2.0510000009834766,-2.106000008136034,8.285513309079741,11.173051448852526,10.0,6.45833828334479,10.058566372936209,2.880460873996711,1801.0,20.0,20.0,3.0,1800.0,A2D,12.899222326086994,1,7.939515260662406,6.7580945044277305,5.707110264748875,0,0,1,0,0,1,15,1,2021-06-22,-0.5284383347223466,0.8489716876291419,0.002276407018356156,REAL_AFTER
2021-06-22 15:25:40+02:00,3.2386784521643803,12.884108726347916,0.000609,52.496245,13.283843333333333,45.7,3.286265278233759,334.5,0.0,0.0,21.59,0.61,2.35,7.82384,1.8441224692812543,9.18548492514601,2,Highway,-106.058125,-12.6625,-73.259375,-0.16200000673532486,0.5689999978244304,7.957527402230773,10.817916552462334,8.0,6.251903883165888,9.9616621165872,2.8272431770697124,1801.0,20.0,20.0,3.0,1800.0,A2D,12.899222326086994,1,7.617267813628347,6.715383386334681,0.0,0,0,1,0,0,1,15,1,2021-06-22,-0.4305110968082952,0.9025852843498606,0.0006088146347544715,REAL_AFTER
2021-06-22 15:25:41+02:00,3.493472657771326,12.90669432231532,0.002022,52.49634833333333,13.283846666666667,42.3,3.366095109409955,337.8,0.0,0.0,21.59,0.61,2.35,7.82384,2.4948316617398616,9.186322783983783,2,Highway,-105.964375,-13.8275,-71.38375,-1.6000000020861627,-2.3190000007301568,7.89989532313973,10.931534305156966,12.0,6.139884552226255,9.873492155000728,2.8107241844322797,1801.0,20.0,20.0,3.0,1800.0,A2D,12.899222326086994,1,7.264730177929867,6.855408798609928,5.771441123130016,0,0,1,0,0,1,15,1,2021-06-22,-0.3778407868184672,0.9258705848099947,0.002019958509466039,REAL_AFTER
2021-06-22 15:25:42+02:00,3.4531571205928664,12.90669432231532,0.002741,52.496428333333334,13.283816666666667,42.7,3.2723180087380284,337.8,0.0,0.0,21.59,0.61,2.35,8.51574,2.6843387900072013,9.186932597226308,2,Highway,-107.791875,-14.834375,-72.5525,-2.935000003129244,-3.3280000191926957,8.423541635334782,11.18597574493043,9.0,6.234410725718371,10.01391023378622,2.8195714755346173,1801.0,20.0,20.0,3.0,1800.0,A2D,12.899222326086994,1,8.328692583545568,0.0,6.023447592961033,0,0,1,0,0,1,15,1,2021-06-22,-0.3778407868184672,0.9258705848099947,0.0027372503098709506,REAL_AFTER
